timestamp,stadelhofen,stockerhof,sihlcity,puls5
2025-03-16 22:26:57,AKTUELLE BESUCHERZAHL KONNTE NICHT ABGERUFEN WERDEN,1,AKTUELLE BESUCHERZAHL KONNTE NICHT ABGERUFEN WERDEN,AKTUELLE BESUCHERZAHL KONNTE NICHT ABGERUFEN WERDEN
2025-03-16 22:36:44,AKTUELLE BESUCHERZAHL KONNTE NICHT ABGERUFEN WERDEN,1,AKTUELLE BESUCHERZAHL KONNTE NICHT ABGERUFEN WERDEN,AKTUELLE BESUCHERZAHL KONNTE NICHT ABGERUFEN WERDEN
2025-03-16 22:49:29,AKTUELLE BESUCHERZAHL KONNTE NICHT ABGERUFEN WERDEN,1,AKTUELLE BESUCHERZAHL KONNTE NICHT ABGERUFEN WERDEN,AKTUELLE BESUCHERZAHL KONNTE NICHT ABGERUFEN WERDEN
2025-03-16 23:13:59,AKTUELLE BESUCHERZAHL KONNTE NICHT ABGERUFEN WERDEN,AKTUELLE BESUCHERZAHL KONNTE NICHT ABGERUFEN WERDEN,AKTUELLE BESUCHERZAHL KONNTE NICHT ABGERUFEN WERDEN,AKTUELLE BESUCHERZAHL KONNTE NICHT ABGERUFEN WERDEN
2025-03-16 23:31:38,AKTUELLE BESUCHERZAHL KONNTE NICHT ABGERUFEN WERDEN,AKTUELLE BESUCHERZAHL KONNTE NICHT ABGERUFEN WERDEN,AKTUELLE BESUCHERZAHL KONNTE NICHT ABGERUFEN WERDEN,AKTUELLE BESUCHERZAHL KONNTE NICHT ABGERUFEN WERDEN
2025-03-16 23:49:49,AKTUELLE BESUCHERZAHL KONNTE NICHT ABGERUFEN WERDEN,AKTUELLE BESUCHERZAHL KONNTE NICHT ABGERUFEN WERDEN,AKTUELLE BESUCHERZAHL KONNTE NICHT ABGERUFEN WERDEN,AKTUELLE BESUCHERZAHL KONNTE NICHT ABGERUFEN WERDEN
2025-03-17 00:14:50,AKTUELLE BESUCHERZAHL KONNTE NICHT ABGERUFEN WERDEN,AKTUELLE BESUCHERZAHL KONNTE NICHT ABGERUFEN WERDEN,AKTUELLE BESUCHERZAHL KONNTE NICHT ABGERUFEN WERDEN,AKTUELLE BESUCHERZAHL KONNTE NICHT ABGERUFEN WERDEN
2025-03-17 00:30:31,AKTUELLE BESUCHERZAHL KONNTE NICHT ABGERUFEN WERDEN,AKTUELLE BESUCHERZAHL KONNTE NICHT ABGERUFEN WERDEN,AKTUELLE BESUCHERZAHL KONNTE NICHT ABGERUFEN WERDEN,AKTUELLE BESUCHERZAHL KONNTE NICHT ABGERUFEN WERDEN
2025-03-17 00:41:46,AKTUELLE BESUCHERZAHL KONNTE NICHT ABGERUFEN WERDEN,AKTUELLE BESUCHERZAHL KONNTE NICHT ABGERUFEN WERDEN,AKTUELLE BESUCHERZAHL KONNTE NICHT ABGERUFEN WERDEN,AKTUELLE BESUCHERZAHL KONNTE NICHT ABGERUFEN WERDEN
2025-03-17 00:51:03,AKTUELLE BESUCHERZAHL KONNTE NICHT ABGERUFEN WERDEN,AKTUELLE BESUCHERZAHL KONNTE NICHT ABGERUFEN WERDEN,AKTUELLE BESUCHERZAHL KONNTE NICHT ABGERUFEN WERDEN,AKTUELLE BESUCHERZAHL KONNTE NICHT ABGERUFEN WERDEN
2025-03-17 02:15:34,AKTUELLE BESUCHERZAHL KONNTE NICHT ABGERUFEN WERDEN,AKTUELLE BESUCHERZAHL KONNTE NICHT ABGERUFEN WERDEN,AKTUELLE BESUCHERZAHL KONNTE NICHT ABGERUFEN WERDEN,AKTUELLE BESUCHERZAHL KONNTE NICHT ABGERUFEN WERDEN
2025-03-17 03:45:03,AKTUELLE BESUCHERZAHL KONNTE NICHT ABGERUFEN WERDEN,AKTUELLE BESUCHERZAHL KONNTE NICHT ABGERUFEN WERDEN,AKTUELLE BESUCHERZAHL KONNTE NICHT ABGERUFEN WERDEN,AKTUELLE BESUCHERZAHL KONNTE NICHT ABGERUFEN WERDEN
2025-03-17 04:21:25,AKTUELLE BESUCHERZAHL KONNTE NICHT ABGERUFEN WERDEN,AKTUELLE BESUCHERZAHL KONNTE NICHT ABGERUFEN WERDEN,AKTUELLE BESUCHERZAHL KONNTE NICHT ABGERUFEN WERDEN,AKTUELLE BESUCHERZAHL KONNTE NICHT ABGERUFEN WERDEN
2025-03-17 04:48:27,AKTUELLE BESUCHERZAHL KONNTE NICHT ABGERUFEN WERDEN,AKTUELLE BESUCHERZAHL KONNTE NICHT ABGERUFEN WERDEN,AKTUELLE BESUCHERZAHL KONNTE NICHT ABGERUFEN WERDEN,AKTUELLE BESUCHERZAHL KONNTE NICHT ABGERUFEN WERDEN
2025-03-17 05:19:24,AKTUELLE BESUCHERZAHL KONNTE NICHT ABGERUFEN WERDEN,AKTUELLE BESUCHERZAHL KONNTE NICHT ABGERUFEN WERDEN,AKTUELLE BESUCHERZAHL KONNTE NICHT ABGERUFEN WERDEN,AKTUELLE BESUCHERZAHL KONNTE NICHT ABGERUFEN WERDEN
2025-03-17 05:43:01,AKTUELLE BESUCHERZAHL KONNTE NICHT ABGERUFEN WERDEN,,AKTUELLE BESUCHERZAHL KONNTE NICHT ABGERUFEN WERDEN,AKTUELLE BESUCHERZAHL KONNTE NICHT ABGERUFEN WERDEN
2025-03-17 05:52:12,1,AKTUELLE BESUCHERZAHL KONNTE NICHT ABGERUFEN WERDEN,1,AKTUELLE BESUCHERZAHL KONNTE NICHT ABGERUFEN WERDEN
2025-03-17 06:16:18,1,2,1,33
2025-03-17 06:39:19,50,38,1,48
2025-03-17 06:49:47,56,51,16,53
2025-03-17 07:22:50,63,68,25,62
2025-03-17 07:46:16,59,73,29,62
2025-03-17 08:16:28,59,80,25,56
2025-03-17 08:37:19,63,81,39,66
2025-03-17 08:49:52,65,84,39,61
2025-03-17 09:21:38,69,89,52,59
2025-03-17 09:44:26,84,106,56,57
2025-03-17 09:54:33,100,112,64,61
2025-03-17 10:18:17,87,105,58,64
2025-03-17 10:39:46,82,120,55,75
2025-03-17 10:49:37,78,120,55,75
2025-03-17 11:17:59,75,102,49,84
2025-03-17 11:42:40,90,147,62,105
2025-03-17 11:51:50,91,193,62,129
2025-03-17 12:13:07,117,221,81,148
2025-03-17 12:26:45,128,238,86,159
2025-03-17 12:37:07,128,238,86,157
2025-03-17 12:49:53,127,259,86,157
2025-03-17 13:32:34,89,175,65,111
2025-03-17 14:14:34,74,116,49,72
2025-03-17 14:38:55,81,114,47,73
2025-03-17 14:49:45,84,110,45,73
2025-03-17 15:15:58,81,115,52,68
2025-03-17 15:40:39,75,106,50,66
2025-03-17 15:50:09,74,105,48,66
2025-03-17 16:16:58,87,117,51,69
2025-03-17 16:39:47,96,117,56,75
2025-03-17 16:49:50,101,125,61,86
2025-03-17 17:20:39,105,141,85,141
2025-03-17 17:45:57,123,182,99,171
2025-03-17 18:14:24,183,234,137,210
2025-03-17 18:32:03,190,245,139,217
2025-03-17 18:49:57,206,264,158,217
2025-03-17 19:21:45,199,262,133,207
2025-03-17 19:44:14,164,246,133,199
2025-03-17 19:53:19,164,231,124,199
2025-03-17 20:12:40,146,211,104,177
2025-03-17 20:24:54,146,181,102,163
2025-03-17 20:37:02,138,137,95,155
2025-03-17 20:49:45,134,118,95,145
2025-03-17 21:17:19,98,91,76,113
2025-03-17 21:39:21,88,75,36,86
2025-03-17 21:49:48,42,58,36,66
2025-03-17 22:14:40,9,17,9,35
2025-03-17 22:30:12,1,AKTUELLE BESUCHERZAHL KONNTE NICHT ABGERUFEN WERDEN,3,10
2025-03-17 22:41:04,1,AKTUELLE BESUCHERZAHL KONNTE NICHT ABGERUFEN WERDEN,2,2
2025-03-17 22:49:51,1,AKTUELLE BESUCHERZAHL KONNTE NICHT ABGERUFEN WERDEN,2,2
2025-03-17 23:15:54,AKTUELLE BESUCHERZAHL KONNTE NICHT ABGERUFEN WERDEN,AKTUELLE BESUCHERZAHL KONNTE NICHT ABGERUFEN WERDEN,AKTUELLE BESUCHERZAHL KONNTE NICHT ABGERUFEN WERDEN,AKTUELLE BESUCHERZAHL KONNTE NICHT ABGERUFEN WERDEN
2025-03-17 23:39:56,AKTUELLE BESUCHERZAHL KONNTE NICHT ABGERUFEN WERDEN,AKTUELLE BESUCHERZAHL KONNTE NICHT ABGERUFEN WERDEN,AKTUELLE BESUCHERZAHL KONNTE NICHT ABGERUFEN WERDEN,AKTUELLE BESUCHERZAHL KONNTE NICHT ABGERUFEN WERDEN
2025-03-17 23:49:43,AKTUELLE BESUCHERZAHL KONNTE NICHT ABGERUFEN WERDEN,AKTUELLE BESUCHERZAHL KONNTE NICHT ABGERUFEN WERDEN,AKTUELLE BESUCHERZAHL KONNTE NICHT ABGERUFEN WERDEN,AKTUELLE BESUCHERZAHL KONNTE NICHT ABGERUFEN WERDEN
2025-03-18 00:14:57,AKTUELLE BESUCHERZAHL KONNTE NICHT ABGERUFEN WERDEN,AKTUELLE BESUCHERZAHL KONNTE NICHT ABGERUFEN WERDEN,AKTUELLE BESUCHERZAHL KONNTE NICHT ABGERUFEN WERDEN,AKTUELLE BESUCHERZAHL KONNTE NICHT ABGERUFEN WERDEN
2025-03-18 00:29:40,AKTUELLE BESUCHERZAHL KONNTE NICHT ABGERUFEN WERDEN,AKTUELLE BESUCHERZAHL KONNTE NICHT ABGERUFEN WERDEN,AKTUELLE BESUCHERZAHL KONNTE NICHT ABGERUFEN WERDEN,AKTUELLE BESUCHERZAHL KONNTE NICHT ABGERUFEN WERDEN
2025-03-18 00:40:18,AKTUELLE BESUCHERZAHL KONNTE NICHT ABGERUFEN WERDEN,AKTUELLE BESUCHERZAHL KONNTE NICHT ABGERUFEN WERDEN,AKTUELLE BESUCHERZAHL KONNTE NICHT ABGERUFEN WERDEN,AKTUELLE BESUCHERZAHL KONNTE NICHT ABGERUFEN WERDEN
2025-03-18 00:49:26,AKTUELLE BESUCHERZAHL KONNTE NICHT ABGERUFEN WERDEN,AKTUELLE BESUCHERZAHL KONNTE NICHT ABGERUFEN WERDEN,AKTUELLE BESUCHERZAHL KONNTE NICHT ABGERUFEN WERDEN,AKTUELLE BESUCHERZAHL KONNTE NICHT ABGERUFEN WERDEN
2025-03-18 02:13:29,AKTUELLE BESUCHERZAHL KONNTE NICHT ABGERUFEN WERDEN,AKTUELLE BESUCHERZAHL KONNTE NICHT ABGERUFEN WERDEN,AKTUELLE BESUCHERZAHL KONNTE NICHT ABGERUFEN WERDEN,AKTUELLE BESUCHERZAHL KONNTE NICHT ABGERUFEN WERDEN
2025-03-18 03:39:36,AKTUELLE BESUCHERZAHL KONNTE NICHT ABGERUFEN WERDEN,AKTUELLE BESUCHERZAHL KONNTE NICHT ABGERUFEN WERDEN,AKTUELLE BESUCHERZAHL KONNTE NICHT ABGERUFEN WERDEN,AKTUELLE BESUCHERZAHL KONNTE NICHT ABGERUFEN WERDEN
2025-03-18 04:19:56,AKTUELLE BESUCHERZAHL KONNTE NICHT ABGERUFEN WERDEN,AKTUELLE BESUCHERZAHL KONNTE NICHT ABGERUFEN WERDEN,AKTUELLE BESUCHERZAHL KONNTE NICHT ABGERUFEN WERDEN,AKTUELLE BESUCHERZAHL KONNTE NICHT ABGERUFEN WERDEN
2025-03-18 04:46:54,AKTUELLE BESUCHERZAHL KONNTE NICHT ABGERUFEN WERDEN,AKTUELLE BESUCHERZAHL KONNTE NICHT ABGERUFEN WERDEN,AKTUELLE BESUCHERZAHL KONNTE NICHT ABGERUFEN WERDEN,AKTUELLE BESUCHERZAHL KONNTE NICHT ABGERUFEN WERDEN
2025-03-18 05:19:01,AKTUELLE BESUCHERZAHL KONNTE NICHT ABGERUFEN WERDEN,AKTUELLE BESUCHERZAHL KONNTE NICHT ABGERUFEN WERDEN,AKTUELLE BESUCHERZAHL KONNTE NICHT ABGERUFEN WERDEN,AKTUELLE BESUCHERZAHL KONNTE NICHT ABGERUFEN WERDEN
2025-03-18 05:42:48,AKTUELLE BESUCHERZAHL KONNTE NICHT ABGERUFEN WERDEN,AKTUELLE BESUCHERZAHL KONNTE NICHT ABGERUFEN WERDEN,AKTUELLE BESUCHERZAHL KONNTE NICHT ABGERUFEN WERDEN,AKTUELLE BESUCHERZAHL KONNTE NICHT ABGERUFEN WERDEN
2025-03-18 05:52:19,AKTUELLE BESUCHERZAHL KONNTE NICHT ABGERUFEN WERDEN,AKTUELLE BESUCHERZAHL KONNTE NICHT ABGERUFEN WERDEN,AKTUELLE BESUCHERZAHL KONNTE NICHT ABGERUFEN WERDEN,AKTUELLE BESUCHERZAHL KONNTE NICHT ABGERUFEN WERDEN
2025-03-18 06:16:07,28,34,AKTUELLE BESUCHERZAHL KONNTE NICHT ABGERUFEN WERDEN,3
2025-03-18 06:39:29,45,50,2,31
2025-03-18 06:49:29,62,61,9,50
2025-03-18 07:22:18,72,78,23,63
2025-03-18 07:46:13,76,83,33,63
2025-03-18 08:16:28,56,70,40,53
2025-03-18 08:37:46,50,64,44,58
2025-03-18 08:49:56,49,57,45,51
2025-03-18 09:20:43,52,66,38,63
2025-03-18 09:44:10,60,82,43,66
2025-03-18 09:54:49,60,92,44,78
2025-03-18 10:17:41,65,97,46,86
2025-03-18 10:39:33,70,113,42,82
2025-03-18 10:49:57,91,113,42,82
2025-03-18 11:17:07,96,111,42,75
2025-03-18 11:42:13,85,136,42,80
2025-03-18 11:51:42,102,157,42,95
2025-03-18 12:13:10,114,176,49,122
2025-03-18 12:26:45,109,197,45,131
2025-03-18 12:37:30,117,217,45,127
2025-03-18 12:49:31,117,217,47,127
2025-03-18 13:31:56,93,148,33,92
2025-03-18 14:13:59,58,95,35,54
2025-03-18 14:37:33,58,92,37,59
2025-03-18 14:49:50,58,87,45,57
2025-03-18 15:15:53,61,101,47,55
2025-03-18 15:41:27,70,92,49,63
2025-03-18 15:50:43,70,92,45,63
2025-03-18 16:17:50,68,102,39,67
2025-03-18 16:40:31,77,112,42,75
2025-03-18 16:49:51,79,116,43,75
2025-03-18 17:20:33,87,125,48,91
2025-03-18 17:45:40,123,163,75,122
2025-03-18 18:14:31,143,209,91,191
2025-03-18 18:32:11,175,236,141,206
2025-03-18 18:49:47,189,264,157,207
2025-03-18 19:22:03,164,258,154,207
2025-03-18 19:46:16,154,259,152,173
2025-03-18 20:12:57,133,241,122,169
2025-03-18 20:24:44,113,223,113,158
2025-03-18 20:36:20,113,196,108,142
2025-03-18 20:49:46,103,164,95,123
2025-03-18 21:16:17,78,127,86,101
2025-03-18 21:38:20,67,96,57,90
2025-03-18 21:49:43,50,72,57,71
2025-03-18 22:14:27,4,14,6,51
2025-03-18 22:29:08,2,AKTUELLE BESUCHERZAHL KONNTE NICHT ABGERUFEN WERDEN,2,10
2025-03-18 22:39:37,2,AKTUELLE BESUCHERZAHL KONNTE NICHT ABGERUFEN WERDEN,2,3
2025-03-18 22:49:49,1,AKTUELLE BESUCHERZAHL KONNTE NICHT ABGERUFEN WERDEN,2,1
2025-03-18 23:14:54,1,AKTUELLE BESUCHERZAHL KONNTE NICHT ABGERUFEN WERDEN,AKTUELLE BESUCHERZAHL KONNTE NICHT ABGERUFEN WERDEN,1
2025-03-18 23:33:09,AKTUELLE BESUCHERZAHL KONNTE NICHT ABGERUFEN WERDEN,AKTUELLE BESUCHERZAHL KONNTE NICHT ABGERUFEN WERDEN,AKTUELLE BESUCHERZAHL KONNTE NICHT ABGERUFEN WERDEN,AKTUELLE BESUCHERZAHL KONNTE NICHT ABGERUFEN WERDEN
2025-03-18 23:49:40,AKTUELLE BESUCHERZAHL KONNTE NICHT ABGERUFEN WERDEN,AKTUELLE BESUCHERZAHL KONNTE NICHT ABGERUFEN WERDEN,AKTUELLE BESUCHERZAHL KONNTE NICHT ABGERUFEN WERDEN,AKTUELLE BESUCHERZAHL KONNTE NICHT ABGERUFEN WERDEN
2025-03-19 00:14:56,AKTUELLE BESUCHERZAHL KONNTE NICHT ABGERUFEN WERDEN,AKTUELLE BESUCHERZAHL KONNTE NICHT ABGERUFEN WERDEN,AKTUELLE BESUCHERZAHL KONNTE NICHT ABGERUFEN WERDEN,AKTUELLE BESUCHERZAHL KONNTE NICHT ABGERUFEN WERDEN
2025-03-19 00:29:52,AKTUELLE BESUCHERZAHL KONNTE NICHT ABGERUFEN WERDEN,AKTUELLE BESUCHERZAHL KONNTE NICHT ABGERUFEN WERDEN,AKTUELLE BESUCHERZAHL KONNTE NICHT ABGERUFEN WERDEN,AKTUELLE BESUCHERZAHL KONNTE NICHT ABGERUFEN WERDEN
2025-03-19 00:40:25,AKTUELLE BESUCHERZAHL KONNTE NICHT ABGERUFEN WERDEN,AKTUELLE BESUCHERZAHL KONNTE NICHT ABGERUFEN WERDEN,AKTUELLE BESUCHERZAHL KONNTE NICHT ABGERUFEN WERDEN,AKTUELLE BESUCHERZAHL KONNTE NICHT ABGERUFEN WERDEN
2025-03-19 00:49:59,AKTUELLE BESUCHERZAHL KONNTE NICHT ABGERUFEN WERDEN,AKTUELLE BESUCHERZAHL KONNTE NICHT ABGERUFEN WERDEN,AKTUELLE BESUCHERZAHL KONNTE NICHT ABGERUFEN WERDEN,AKTUELLE BESUCHERZAHL KONNTE NICHT ABGERUFEN WERDEN
2025-03-19 02:14:21,AKTUELLE BESUCHERZAHL KONNTE NICHT ABGERUFEN WERDEN,AKTUELLE BESUCHERZAHL KONNTE NICHT ABGERUFEN WERDEN,AKTUELLE BESUCHERZAHL KONNTE NICHT ABGERUFEN WERDEN,AKTUELLE BESUCHERZAHL KONNTE NICHT ABGERUFEN WERDEN
2025-03-19 03:38:04,AKTUELLE BESUCHERZAHL KONNTE NICHT ABGERUFEN WERDEN,AKTUELLE BESUCHERZAHL KONNTE NICHT ABGERUFEN WERDEN,AKTUELLE BESUCHERZAHL KONNTE NICHT ABGERUFEN WERDEN,AKTUELLE BESUCHERZAHL KONNTE NICHT ABGERUFEN WERDEN
2025-03-19 04:19:25,AKTUELLE BESUCHERZAHL KONNTE NICHT ABGERUFEN WERDEN,AKTUELLE BESUCHERZAHL KONNTE NICHT ABGERUFEN WERDEN,AKTUELLE BESUCHERZAHL KONNTE NICHT ABGERUFEN WERDEN,AKTUELLE BESUCHERZAHL KONNTE NICHT ABGERUFEN WERDEN
2025-03-19 04:46:33,AKTUELLE BESUCHERZAHL KONNTE NICHT ABGERUFEN WERDEN,AKTUELLE BESUCHERZAHL KONNTE NICHT ABGERUFEN WERDEN,AKTUELLE BESUCHERZAHL KONNTE NICHT ABGERUFEN WERDEN,AKTUELLE BESUCHERZAHL KONNTE NICHT ABGERUFEN WERDEN
2025-03-19 05:18:45,AKTUELLE BESUCHERZAHL KONNTE NICHT ABGERUFEN WERDEN,AKTUELLE BESUCHERZAHL KONNTE NICHT ABGERUFEN WERDEN,AKTUELLE BESUCHERZAHL KONNTE NICHT ABGERUFEN WERDEN,AKTUELLE BESUCHERZAHL KONNTE NICHT ABGERUFEN WERDEN
2025-03-19 05:42:43,AKTUELLE BESUCHERZAHL KONNTE NICHT ABGERUFEN WERDEN,AKTUELLE BESUCHERZAHL KONNTE NICHT ABGERUFEN WERDEN,AKTUELLE BESUCHERZAHL KONNTE NICHT ABGERUFEN WERDEN,AKTUELLE BESUCHERZAHL KONNTE NICHT ABGERUFEN WERDEN
2025-03-19 05:52:24,1,AKTUELLE BESUCHERZAHL KONNTE NICHT ABGERUFEN WERDEN,AKTUELLE BESUCHERZAHL KONNTE NICHT ABGERUFEN WERDEN,AKTUELLE BESUCHERZAHL KONNTE NICHT ABGERUFEN WERDEN
2025-03-19 06:15:23,5,AKTUELLE BESUCHERZAHL KONNTE NICHT ABGERUFEN WERDEN,AKTUELLE BESUCHERZAHL KONNTE NICHT ABGERUFEN WERDEN,4
2025-03-19 06:39:06,47,59,AKTUELLE BESUCHERZAHL KONNTE NICHT ABGERUFEN WERDEN,35
2025-03-19 06:49:48,63,77,11,41
2025-03-19 07:22:12,70,88,24,48
2025-03-19 07:46:46,77,101,24,53
2025-03-19 08:16:18,78,87,28,40
2025-03-19 08:37:20,68,75,40,47
2025-03-19 08:50:03,69,70,43,55
2025-03-19 09:20:39,59,80,51,64
2025-03-19 09:45:48,79,88,56,70
2025-03-19 09:55:56,79,88,62,78
2025-03-19 10:18:39,83,89,62,93
2025-03-19 10:41:50,87,107,59,92
2025-03-19 10:51:04,94,100,59,89
2025-03-19 11:17:36,78,96,49,90
2025-03-19 11:42:36,90,125,40,81
2025-03-19 11:51:55,99,153,40,95
2025-03-19 12:13:35,103,190,46,111
2025-03-19 12:26:51,119,217,58,110
2025-03-19 12:37:21,121,227,58,114
2025-03-19 12:49:41,125,227,54,114
2025-03-19 13:31:42,85,145,44,74
2025-03-19 14:37:51,68,74,27,55
2025-03-19 14:50:48,70,74,26,55
2025-03-19 15:15:42,74,76,36,60
2025-03-19 15:43:13,71,83,43,65
2025-03-19 15:51:51,76,83,43,65
2025-03-19 16:17:14,83,93,52,71
2025-03-19 16:39:57,75,88,49,80
2025-03-19 16:50:14,77,86,55,94
2025-03-19 17:20:17,97,100,64,118
2025-03-19 17:45:31,110,126,91,130
2025-03-19 18:14:52,145,168,105,167
2025-03-19 18:32:39,162,180,134,171
2025-03-19 18:49:39,175,204,126,173
2025-03-19 19:22:28,175,211,107,187
2025-03-19 19:46:25,160,220,103,172
2025-03-19 20:13:13,155,209,109,172
2025-03-19 20:25:18,143,179,106,165
2025-03-19 20:36:13,122,162,100,150
2025-03-19 20:50:55,106,148,95,136
2025-03-19 21:17:37,78,104,67,93
2025-03-19 21:39:31,60,84,41,78
2025-03-19 21:49:45,33,66,41,66
2025-03-19 22:14:48,5,17,5,36
2025-03-19 22:31:07,AKTUELLE BESUCHERZAHL KONNTE NICHT ABGERUFEN WERDEN,4,AKTUELLE BESUCHERZAHL KONNTE NICHT ABGERUFEN WERDEN,AKTUELLE BESUCHERZAHL KONNTE NICHT ABGERUFEN WERDEN
2025-03-19 22:50:07,AKTUELLE BESUCHERZAHL KONNTE NICHT ABGERUFEN WERDEN,2,AKTUELLE BESUCHERZAHL KONNTE NICHT ABGERUFEN WERDEN,AKTUELLE BESUCHERZAHL KONNTE NICHT ABGERUFEN WERDEN
2025-03-19 23:15:35,AKTUELLE BESUCHERZAHL KONNTE NICHT ABGERUFEN WERDEN,AKTUELLE BESUCHERZAHL KONNTE NICHT ABGERUFEN WERDEN,AKTUELLE BESUCHERZAHL KONNTE NICHT ABGERUFEN WERDEN,AKTUELLE BESUCHERZAHL KONNTE NICHT ABGERUFEN WERDEN
2025-03-19 23:34:04,AKTUELLE BESUCHERZAHL KONNTE NICHT ABGERUFEN WERDEN,AKTUELLE BESUCHERZAHL KONNTE NICHT ABGERUFEN WERDEN,AKTUELLE BESUCHERZAHL KONNTE NICHT ABGERUFEN WERDEN,AKTUELLE BESUCHERZAHL KONNTE NICHT ABGERUFEN WERDEN
2025-03-19 23:50:08,AKTUELLE BESUCHERZAHL KONNTE NICHT ABGERUFEN WERDEN,AKTUELLE BESUCHERZAHL KONNTE NICHT ABGERUFEN WERDEN,AKTUELLE BESUCHERZAHL KONNTE NICHT ABGERUFEN WERDEN,AKTUELLE BESUCHERZAHL KONNTE NICHT ABGERUFEN WERDEN
2025-03-20 00:15:39,AKTUELLE BESUCHERZAHL KONNTE NICHT ABGERUFEN WERDEN,AKTUELLE BESUCHERZAHL KONNTE NICHT ABGERUFEN WERDEN,AKTUELLE BESUCHERZAHL KONNTE NICHT ABGERUFEN WERDEN,AKTUELLE BESUCHERZAHL KONNTE NICHT ABGERUFEN WERDEN
2025-03-20 00:37:54,AKTUELLE BESUCHERZAHL KONNTE NICHT ABGERUFEN WERDEN,AKTUELLE BESUCHERZAHL KONNTE NICHT ABGERUFEN WERDEN,AKTUELLE BESUCHERZAHL KONNTE NICHT ABGERUFEN WERDEN,AKTUELLE BESUCHERZAHL KONNTE NICHT ABGERUFEN WERDEN
2025-03-20 00:49:52,AKTUELLE BESUCHERZAHL KONNTE NICHT ABGERUFEN WERDEN,AKTUELLE BESUCHERZAHL KONNTE NICHT ABGERUFEN WERDEN,AKTUELLE BESUCHERZAHL KONNTE NICHT ABGERUFEN WERDEN,AKTUELLE BESUCHERZAHL KONNTE NICHT ABGERUFEN WERDEN
2025-03-20 02:13:13,AKTUELLE BESUCHERZAHL KONNTE NICHT ABGERUFEN WERDEN,AKTUELLE BESUCHERZAHL KONNTE NICHT ABGERUFEN WERDEN,AKTUELLE BESUCHERZAHL KONNTE NICHT ABGERUFEN WERDEN,AKTUELLE BESUCHERZAHL KONNTE NICHT ABGERUFEN WERDEN
2025-03-20 03:37:03,AKTUELLE BESUCHERZAHL KONNTE NICHT ABGERUFEN WERDEN,AKTUELLE BESUCHERZAHL KONNTE NICHT ABGERUFEN WERDEN,AKTUELLE BESUCHERZAHL KONNTE NICHT ABGERUFEN WERDEN,AKTUELLE BESUCHERZAHL KONNTE NICHT ABGERUFEN WERDEN
2025-03-20 04:18:14,AKTUELLE BESUCHERZAHL KONNTE NICHT ABGERUFEN WERDEN,AKTUELLE BESUCHERZAHL KONNTE NICHT ABGERUFEN WERDEN,AKTUELLE BESUCHERZAHL KONNTE NICHT ABGERUFEN WERDEN,AKTUELLE BESUCHERZAHL KONNTE NICHT ABGERUFEN WERDEN
2025-03-20 04:46:35,AKTUELLE BESUCHERZAHL KONNTE NICHT ABGERUFEN WERDEN,AKTUELLE BESUCHERZAHL KONNTE NICHT ABGERUFEN WERDEN,AKTUELLE BESUCHERZAHL KONNTE NICHT ABGERUFEN WERDEN,AKTUELLE BESUCHERZAHL KONNTE NICHT ABGERUFEN WERDEN
2025-03-20 05:19:04,AKTUELLE BESUCHERZAHL KONNTE NICHT ABGERUFEN WERDEN,AKTUELLE BESUCHERZAHL KONNTE NICHT ABGERUFEN WERDEN,AKTUELLE BESUCHERZAHL KONNTE NICHT ABGERUFEN WERDEN,AKTUELLE BESUCHERZAHL KONNTE NICHT ABGERUFEN WERDEN
2025-03-20 05:41:53,AKTUELLE BESUCHERZAHL KONNTE NICHT ABGERUFEN WERDEN,AKTUELLE BESUCHERZAHL KONNTE NICHT ABGERUFEN WERDEN,AKTUELLE BESUCHERZAHL KONNTE NICHT ABGERUFEN WERDEN,AKTUELLE BESUCHERZAHL KONNTE NICHT ABGERUFEN WERDEN
2025-03-20 05:51:27,AKTUELLE BESUCHERZAHL KONNTE NICHT ABGERUFEN WERDEN,AKTUELLE BESUCHERZAHL KONNTE NICHT ABGERUFEN WERDEN,AKTUELLE BESUCHERZAHL KONNTE NICHT ABGERUFEN WERDEN,AKTUELLE BESUCHERZAHL KONNTE NICHT ABGERUFEN WERDEN
2025-03-20 06:16:08,23,3,1,20
2025-03-20 06:39:05,32,40,2,34
2025-03-20 06:49:59,36,54,12,45
2025-03-20 07:22:28,52,73,20,60
2025-03-20 07:45:34,51,79,27,64
2025-03-20 08:15:16,66,64,28,50
2025-03-20 08:29:35,71,59,38,40
2025-03-20 08:39:15,67,59,42,41
2025-03-20 08:49:58,67,56,36,42
2025-03-20 09:20:33,65,70,35,48
2025-03-20 09:43:20,73,88,34,57
2025-03-20 09:53:31,73,90,48,66
2025-03-20 10:17:37,80,97,52,79
2025-03-20 10:38:50,81,104,53,78
2025-03-20 10:49:47,79,104,53,78
2025-03-20 11:16:53,73,90,47,72
2025-03-20 11:42:28,59,120,45,74
2025-03-20 11:51:56,80,120,45,81
2025-03-20 12:13:25,85,152,44,91
2025-03-20 12:27:01,98,176,47,99
2025-03-20 12:37:37,109,176,47,106
2025-03-20 12:49:54,108,189,61,106
2025-03-20 13:30:13,72,167,54,74
2025-03-20 14:03:34,64,134,43,54
2025-03-20 14:34:45,52,92,35,53
2025-03-20 14:50:00,53,91,35,55
2025-03-20 15:15:52,66,93,43,58
2025-03-20 15:42:37,61,100,46,55
2025-03-20 15:52:12,61,100,46,55
2025-03-20 16:17:46,60,93,55,57
2025-03-20 16:40:20,60,91,56,65
2025-03-20 16:49:37,80,113,50,65
2025-03-20 17:20:24,97,132,51,85
2025-03-20 17:45:27,113,170,74,115
2025-03-20 18:14:37,131,170,88,140
2025-03-20 18:32:13,154,194,96,145
2025-03-20 18:49:36,148,211,101,148
2025-03-20 19:22:12,138,191,117,160
2025-03-20 19:44:18,134,187,110,137
2025-03-20 19:53:42,134,184,110,137
2025-03-20 20:12:46,125,139,97,110
2025-03-20 20:25:00,126,138,87,110
2025-03-20 20:36:39,117,133,82,102
2025-03-20 20:49:42,104,115,71,100
2025-03-20 21:17:33,61,101,54,82
2025-03-20 21:39:13,46,79,31,61
2025-03-20 21:49:44,33,55,22,47
2025-03-20 22:14:56,12,10,6,4
2025-03-20 22:29:34,4,2,4,AKTUELLE BESUCHERZAHL KONNTE NICHT ABGERUFEN WERDEN
2025-03-20 22:40:15,2,1,4,AKTUELLE BESUCHERZAHL KONNTE NICHT ABGERUFEN WERDEN
2025-03-20 22:49:57,2,1,4,AKTUELLE BESUCHERZAHL KONNTE NICHT ABGERUFEN WERDEN
2025-03-20 23:14:45,AKTUELLE BESUCHERZAHL KONNTE NICHT ABGERUFEN WERDEN,AKTUELLE BESUCHERZAHL KONNTE NICHT ABGERUFEN WERDEN,AKTUELLE BESUCHERZAHL KONNTE NICHT ABGERUFEN WERDEN,AKTUELLE BESUCHERZAHL KONNTE NICHT ABGERUFEN WERDEN
2025-03-20 23:33:12,AKTUELLE BESUCHERZAHL KONNTE NICHT ABGERUFEN WERDEN,AKTUELLE BESUCHERZAHL KONNTE NICHT ABGERUFEN WERDEN,AKTUELLE BESUCHERZAHL KONNTE NICHT ABGERUFEN WERDEN,AKTUELLE BESUCHERZAHL KONNTE NICHT ABGERUFEN WERDEN
2025-03-20 23:50:03,AKTUELLE BESUCHERZAHL KONNTE NICHT ABGERUFEN WERDEN,AKTUELLE BESUCHERZAHL KONNTE NICHT ABGERUFEN WERDEN,AKTUELLE BESUCHERZAHL KONNTE NICHT ABGERUFEN WERDEN,AKTUELLE BESUCHERZAHL KONNTE NICHT ABGERUFEN WERDEN
2025-03-21 00:15:13,AKTUELLE BESUCHERZAHL KONNTE NICHT ABGERUFEN WERDEN,AKTUELLE BESUCHERZAHL KONNTE NICHT ABGERUFEN WERDEN,AKTUELLE BESUCHERZAHL KONNTE NICHT ABGERUFEN WERDEN,AKTUELLE BESUCHERZAHL KONNTE NICHT ABGERUFEN WERDEN
2025-03-21 00:30:38,AKTUELLE BESUCHERZAHL KONNTE NICHT ABGERUFEN WERDEN,AKTUELLE BESUCHERZAHL KONNTE NICHT ABGERUFEN WERDEN,AKTUELLE BESUCHERZAHL KONNTE NICHT ABGERUFEN WERDEN,AKTUELLE BESUCHERZAHL KONNTE NICHT ABGERUFEN WERDEN
2025-03-21 00:49:47,AKTUELLE BESUCHERZAHL KONNTE NICHT ABGERUFEN WERDEN,AKTUELLE BESUCHERZAHL KONNTE NICHT ABGERUFEN WERDEN,AKTUELLE BESUCHERZAHL KONNTE NICHT ABGERUFEN WERDEN,AKTUELLE BESUCHERZAHL KONNTE NICHT ABGERUFEN WERDEN
2025-03-21 02:14:27,AKTUELLE BESUCHERZAHL KONNTE NICHT ABGERUFEN WERDEN,AKTUELLE BESUCHERZAHL KONNTE NICHT ABGERUFEN WERDEN,AKTUELLE BESUCHERZAHL KONNTE NICHT ABGERUFEN WERDEN,AKTUELLE BESUCHERZAHL KONNTE NICHT ABGERUFEN WERDEN
2025-03-21 03:38:43,AKTUELLE BESUCHERZAHL KONNTE NICHT ABGERUFEN WERDEN,AKTUELLE BESUCHERZAHL KONNTE NICHT ABGERUFEN WERDEN,AKTUELLE BESUCHERZAHL KONNTE NICHT ABGERUFEN WERDEN,AKTUELLE BESUCHERZAHL KONNTE NICHT ABGERUFEN WERDEN
2025-03-21 04:20:06,AKTUELLE BESUCHERZAHL KONNTE NICHT ABGERUFEN WERDEN,AKTUELLE BESUCHERZAHL KONNTE NICHT ABGERUFEN WERDEN,AKTUELLE BESUCHERZAHL KONNTE NICHT ABGERUFEN WERDEN,AKTUELLE BESUCHERZAHL KONNTE NICHT ABGERUFEN WERDEN
2025-03-21 04:48:06,AKTUELLE BESUCHERZAHL KONNTE NICHT ABGERUFEN WERDEN,AKTUELLE BESUCHERZAHL KONNTE NICHT ABGERUFEN WERDEN,AKTUELLE BESUCHERZAHL KONNTE NICHT ABGERUFEN WERDEN,AKTUELLE BESUCHERZAHL KONNTE NICHT ABGERUFEN WERDEN
2025-03-21 05:18:50,AKTUELLE BESUCHERZAHL KONNTE NICHT ABGERUFEN WERDEN,AKTUELLE BESUCHERZAHL KONNTE NICHT ABGERUFEN WERDEN,AKTUELLE BESUCHERZAHL KONNTE NICHT ABGERUFEN WERDEN,AKTUELLE BESUCHERZAHL KONNTE NICHT ABGERUFEN WERDEN
2025-03-21 05:41:29,AKTUELLE BESUCHERZAHL KONNTE NICHT ABGERUFEN WERDEN,AKTUELLE BESUCHERZAHL KONNTE NICHT ABGERUFEN WERDEN,AKTUELLE BESUCHERZAHL KONNTE NICHT ABGERUFEN WERDEN,AKTUELLE BESUCHERZAHL KONNTE NICHT ABGERUFEN WERDEN
2025-03-21 05:50:34,AKTUELLE BESUCHERZAHL KONNTE NICHT ABGERUFEN WERDEN,AKTUELLE BESUCHERZAHL KONNTE NICHT ABGERUFEN WERDEN,AKTUELLE BESUCHERZAHL KONNTE NICHT ABGERUFEN WERDEN,AKTUELLE BESUCHERZAHL KONNTE NICHT ABGERUFEN WERDEN
2025-03-21 06:15:10,3,1,AKTUELLE BESUCHERZAHL KONNTE NICHT ABGERUFEN WERDEN,5
2025-03-21 06:33:03,22,40,8,26
2025-03-21 06:49:51,36,52,13,32
2025-03-21 07:24:01,46,74,19,44
2025-03-21 07:48:14,52,71,25,42
2025-03-21 08:15:28,51,64,29,48
2025-03-21 08:29:45,61,59,25,46
2025-03-21 08:40:02,64,56,27,53
2025-03-21 08:50:02,64,59,25,59
2025-03-21 09:20:07,71,75,38,70
2025-03-21 09:42:50,64,94,53,81
2025-03-21 09:53:28,68,102,61,82
2025-03-21 10:16:54,78,98,60,91
2025-03-21 10:38:20,79,105,71,90
2025-03-21 10:49:42,85,105,71,90
2025-03-21 11:16:45,78,96,61,91
2025-03-21 11:41:27,77,112,60,92
2025-03-21 11:51:13,77,112,60,83
2025-03-21 12:13:24,86,145,54,90
2025-03-21 12:26:53,93,159,59,97
2025-03-21 12:38:19,93,182,59,98
2025-03-21 12:50:03,102,182,65,98
2025-03-21 13:31:06,71,185,59,92
2025-03-21 14:05:41,54,149,49,74
2025-03-21 14:34:12,80,103,48,61
2025-03-21 14:49:46,85,106,48,63
2025-03-21 15:15:04,92,107,47,65
2025-03-21 15:34:07,96,107,48,58
2025-03-21 15:49:34,98,113,48,64
2025-03-21 16:16:49,101,114,55,81
2025-03-21 16:38:56,96,115,60,87
2025-03-21 16:49:42,96,117,64,97
2025-03-21 17:19:53,128,117,70,116
2025-03-21 17:45:42,129,133,88,120
2025-03-21 18:14:13,139,141,95,124
2025-03-21 18:32:08,139,143,100,124
2025-03-21 18:49:50,153,143,94,132
2025-03-21 19:21:06,131,154,75,123
2025-03-21 19:44:58,119,140,70,104
2025-03-21 19:53:49,119,135,65,104
2025-03-21 20:12:07,114,130,66,97
2025-03-21 20:23:27,109,115,70,97
2025-03-21 20:35:54,101,115,65,89
2025-03-21 20:49:43,73,113,65,85
2025-03-21 21:17:00,71,107,46,59
2025-03-21 21:37:54,50,70,30,52
2025-03-21 21:49:51,27,56,30,40
2025-03-21 22:14:02,9,19,4,6
2025-03-21 22:28:32,AKTUELLE BESUCHERZAHL KONNTE NICHT ABGERUFEN WERDEN,1,1,6
2025-03-21 22:38:37,AKTUELLE BESUCHERZAHL KONNTE NICHT ABGERUFEN WERDEN,1,1,2
2025-03-21 22:49:44,AKTUELLE BESUCHERZAHL KONNTE NICHT ABGERUFEN WERDEN,1,1,1
2025-03-21 23:15:04,AKTUELLE BESUCHERZAHL KONNTE NICHT ABGERUFEN WERDEN,AKTUELLE BESUCHERZAHL KONNTE NICHT ABGERUFEN WERDEN,AKTUELLE BESUCHERZAHL KONNTE NICHT ABGERUFEN WERDEN,AKTUELLE BESUCHERZAHL KONNTE NICHT ABGERUFEN WERDEN
2025-03-21 23:33:33,AKTUELLE BESUCHERZAHL KONNTE NICHT ABGERUFEN WERDEN,AKTUELLE BESUCHERZAHL KONNTE NICHT ABGERUFEN WERDEN,AKTUELLE BESUCHERZAHL KONNTE NICHT ABGERUFEN WERDEN,AKTUELLE BESUCHERZAHL KONNTE NICHT ABGERUFEN WERDEN
2025-03-21 23:49:55,AKTUELLE BESUCHERZAHL KONNTE NICHT ABGERUFEN WERDEN,AKTUELLE BESUCHERZAHL KONNTE NICHT ABGERUFEN WERDEN,AKTUELLE BESUCHERZAHL KONNTE NICHT ABGERUFEN WERDEN,AKTUELLE BESUCHERZAHL KONNTE NICHT ABGERUFEN WERDEN
2025-03-22 00:14:29,AKTUELLE BESUCHERZAHL KONNTE NICHT ABGERUFEN WERDEN,AKTUELLE BESUCHERZAHL KONNTE NICHT ABGERUFEN WERDEN,AKTUELLE BESUCHERZAHL KONNTE NICHT ABGERUFEN WERDEN,AKTUELLE BESUCHERZAHL KONNTE NICHT ABGERUFEN WERDEN
2025-03-22 00:28:49,AKTUELLE BESUCHERZAHL KONNTE NICHT ABGERUFEN WERDEN,AKTUELLE BESUCHERZAHL KONNTE NICHT ABGERUFEN WERDEN,AKTUELLE BESUCHERZAHL KONNTE NICHT ABGERUFEN WERDEN,AKTUELLE BESUCHERZAHL KONNTE NICHT ABGERUFEN WERDEN
2025-03-22 00:39:35,AKTUELLE BESUCHERZAHL KONNTE NICHT ABGERUFEN WERDEN,AKTUELLE BESUCHERZAHL KONNTE NICHT ABGERUFEN WERDEN,AKTUELLE BESUCHERZAHL KONNTE NICHT ABGERUFEN WERDEN,AKTUELLE BESUCHERZAHL KONNTE NICHT ABGERUFEN WERDEN
2025-03-22 00:49:47,AKTUELLE BESUCHERZAHL KONNTE NICHT ABGERUFEN WERDEN,AKTUELLE BESUCHERZAHL KONNTE NICHT ABGERUFEN WERDEN,AKTUELLE BESUCHERZAHL KONNTE NICHT ABGERUFEN WERDEN,AKTUELLE BESUCHERZAHL KONNTE NICHT ABGERUFEN WERDEN
2025-03-22 02:12:59,AKTUELLE BESUCHERZAHL KONNTE NICHT ABGERUFEN WERDEN,AKTUELLE BESUCHERZAHL KONNTE NICHT ABGERUFEN WERDEN,AKTUELLE BESUCHERZAHL KONNTE NICHT ABGERUFEN WERDEN,AKTUELLE BESUCHERZAHL KONNTE NICHT ABGERUFEN WERDEN
2025-03-22 03:34:54,AKTUELLE BESUCHERZAHL KONNTE NICHT ABGERUFEN WERDEN,AKTUELLE BESUCHERZAHL KONNTE NICHT ABGERUFEN WERDEN,AKTUELLE BESUCHERZAHL KONNTE NICHT ABGERUFEN WERDEN,AKTUELLE BESUCHERZAHL KONNTE NICHT ABGERUFEN WERDEN
2025-03-22 04:18:57,AKTUELLE BESUCHERZAHL KONNTE NICHT ABGERUFEN WERDEN,AKTUELLE BESUCHERZAHL KONNTE NICHT ABGERUFEN WERDEN,AKTUELLE BESUCHERZAHL KONNTE NICHT ABGERUFEN WERDEN,AKTUELLE BESUCHERZAHL KONNTE NICHT ABGERUFEN WERDEN
2025-03-22 04:47:46,AKTUELLE BESUCHERZAHL KONNTE NICHT ABGERUFEN WERDEN,AKTUELLE BESUCHERZAHL KONNTE NICHT ABGERUFEN WERDEN,AKTUELLE BESUCHERZAHL KONNTE NICHT ABGERUFEN WERDEN,AKTUELLE BESUCHERZAHL KONNTE NICHT ABGERUFEN WERDEN
2025-03-22 05:18:55,AKTUELLE BESUCHERZAHL KONNTE NICHT ABGERUFEN WERDEN,AKTUELLE BESUCHERZAHL KONNTE NICHT ABGERUFEN WERDEN,AKTUELLE BESUCHERZAHL KONNTE NICHT ABGERUFEN WERDEN,AKTUELLE BESUCHERZAHL KONNTE NICHT ABGERUFEN WERDEN
2025-03-22 05:42:31,AKTUELLE BESUCHERZAHL KONNTE NICHT ABGERUFEN WERDEN,AKTUELLE BESUCHERZAHL KONNTE NICHT ABGERUFEN WERDEN,AKTUELLE BESUCHERZAHL KONNTE NICHT ABGERUFEN WERDEN,AKTUELLE BESUCHERZAHL KONNTE NICHT ABGERUFEN WERDEN
2025-03-22 05:52:43,AKTUELLE BESUCHERZAHL KONNTE NICHT ABGERUFEN WERDEN,AKTUELLE BESUCHERZAHL KONNTE NICHT ABGERUFEN WERDEN,AKTUELLE BESUCHERZAHL KONNTE NICHT ABGERUFEN WERDEN,AKTUELLE BESUCHERZAHL KONNTE NICHT ABGERUFEN WERDEN
2025-03-22 06:15:01,AKTUELLE BESUCHERZAHL KONNTE NICHT ABGERUFEN WERDEN,AKTUELLE BESUCHERZAHL KONNTE NICHT ABGERUFEN WERDEN,AKTUELLE BESUCHERZAHL KONNTE NICHT ABGERUFEN WERDEN,AKTUELLE BESUCHERZAHL KONNTE NICHT ABGERUFEN WERDEN
2025-03-22 06:33:05,AKTUELLE BESUCHERZAHL KONNTE NICHT ABGERUFEN WERDEN,AKTUELLE BESUCHERZAHL KONNTE NICHT ABGERUFEN WERDEN,AKTUELLE BESUCHERZAHL KONNTE NICHT ABGERUFEN WERDEN,AKTUELLE BESUCHERZAHL KONNTE NICHT ABGERUFEN WERDEN
2025-03-22 06:49:33,AKTUELLE BESUCHERZAHL KONNTE NICHT ABGERUFEN WERDEN,AKTUELLE BESUCHERZAHL KONNTE NICHT ABGERUFEN WERDEN,AKTUELLE BESUCHERZAHL KONNTE NICHT ABGERUFEN WERDEN,AKTUELLE BESUCHERZAHL KONNTE NICHT ABGERUFEN WERDEN
2025-03-22 07:20:16,AKTUELLE BESUCHERZAHL KONNTE NICHT ABGERUFEN WERDEN,AKTUELLE BESUCHERZAHL KONNTE NICHT ABGERUFEN WERDEN,AKTUELLE BESUCHERZAHL KONNTE NICHT ABGERUFEN WERDEN,AKTUELLE BESUCHERZAHL KONNTE NICHT ABGERUFEN WERDEN
2025-03-22 07:42:48,AKTUELLE BESUCHERZAHL KONNTE NICHT ABGERUFEN WERDEN,1,AKTUELLE BESUCHERZAHL KONNTE NICHT ABGERUFEN WERDEN,AKTUELLE BESUCHERZAHL KONNTE NICHT ABGERUFEN WERDEN
2025-03-22 07:52:07,AKTUELLE BESUCHERZAHL KONNTE NICHT ABGERUFEN WERDEN,2,AKTUELLE BESUCHERZAHL KONNTE NICHT ABGERUFEN WERDEN,AKTUELLE BESUCHERZAHL KONNTE NICHT ABGERUFEN WERDEN
2025-03-22 08:14:14,AKTUELLE BESUCHERZAHL KONNTE NICHT ABGERUFEN WERDEN,4,AKTUELLE BESUCHERZAHL KONNTE NICHT ABGERUFEN WERDEN,AKTUELLE BESUCHERZAHL KONNTE NICHT ABGERUFEN WERDEN
2025-03-22 08:28:15,AKTUELLE BESUCHERZAHL KONNTE NICHT ABGERUFEN WERDEN,37,1,AKTUELLE BESUCHERZAHL KONNTE NICHT ABGERUFEN WERDEN
2025-03-22 08:37:55,AKTUELLE BESUCHERZAHL KONNTE NICHT ABGERUFEN WERDEN,46,1,AKTUELLE BESUCHERZAHL KONNTE NICHT ABGERUFEN WERDEN
2025-03-22 08:49:41,AKTUELLE BESUCHERZAHL KONNTE NICHT ABGERUFEN WERDEN,56,1,AKTUELLE BESUCHERZAHL KONNTE NICHT ABGERUFEN WERDEN
2025-03-22 09:18:39,60,76,30,63
2025-03-22 09:40:33,79,81,50,79
2025-03-22 09:49:38,87,97,77,89
2025-03-22 10:15:54,102,92,79,97
2025-03-22 10:37:30,142,103,93,115
2025-03-22 10:49:49,142,103,93,122
2025-03-22 11:16:20,134,101,87,117
2025-03-22 11:41:33,130,111,85,118
2025-03-22 11:50:38,130,111,85,107
2025-03-22 12:12:52,102,134,68,103
2025-03-22 12:24:52,102,135,64,101
2025-03-22 12:36:09,106,135,64,96
2025-03-22 12:49:45,104,137,64,90
2025-03-22 13:28:28,89,111,47,100
2025-03-22 13:57:31,63,83,44,87
2025-03-22 14:21:40,63,77,42,80
2025-03-22 14:36:28,66,76,39,71
2025-03-22 14:49:34,58,76,38,71
2025-03-22 15:14:31,56,77,45,77
2025-03-22 15:31:43,53,78,48,81
2025-03-22 15:49:41,50,70,47,78
2025-03-22 16:14:10,57,70,49,73
2025-03-22 16:28:55,56,78,57,75
2025-03-22 16:39:15,56,78,57,75
2025-03-22 16:49:34,57,83,57,75
2025-03-22 17:17:41,69,93,57,68
2025-03-22 17:40:55,71,99,57,75
2025-03-22 17:49:58,74,86,55,75
2025-03-22 18:12:14,73,89,49,79
2025-03-22 18:27:44,75,89,45,79
2025-03-22 18:37:37,73,85,43,79
2025-03-22 18:49:45,69,91,48,79
2025-03-22 19:19:29,71,80,45,81
2025-03-22 19:42:05,58,77,37,63
2025-03-22 19:51:13,43,66,26,63
2025-03-22 20:12:09,4,48,AKTUELLE BESUCHERZAHL KONNTE NICHT ABGERUFEN WERDEN,3
2025-03-22 20:24:22,2,7,AKTUELLE BESUCHERZAHL KONNTE NICHT ABGERUFEN WERDEN,3
2025-03-22 20:36:03,2,1,AKTUELLE BESUCHERZAHL KONNTE NICHT ABGERUFEN WERDEN,1
2025-03-22 20:49:45,2,1,AKTUELLE BESUCHERZAHL KONNTE NICHT ABGERUFEN WERDEN,1
2025-03-22 21:16:13,2,1,AKTUELLE BESUCHERZAHL KONNTE NICHT ABGERUFEN WERDEN,1
2025-03-22 21:36:52,2,1,AKTUELLE BESUCHERZAHL KONNTE NICHT ABGERUFEN WERDEN,1
2025-03-22 21:49:38,2,1,AKTUELLE BESUCHERZAHL KONNTE NICHT ABGERUFEN WERDEN,1
2025-03-22 22:13:38,2,1,AKTUELLE BESUCHERZAHL KONNTE NICHT ABGERUFEN WERDEN,1
2025-03-22 22:27:20,2,1,AKTUELLE BESUCHERZAHL KONNTE NICHT ABGERUFEN WERDEN,1
2025-03-22 22:37:15,2,1,AKTUELLE BESUCHERZAHL KONNTE NICHT ABGERUFEN WERDEN,1
2025-03-22 22:49:45,2,1,AKTUELLE BESUCHERZAHL KONNTE NICHT ABGERUFEN WERDEN,1
2025-03-22 23:13:49,2,AKTUELLE BESUCHERZAHL KONNTE NICHT ABGERUFEN WERDEN,AKTUELLE BESUCHERZAHL KONNTE NICHT ABGERUFEN WERDEN,AKTUELLE BESUCHERZAHL KONNTE NICHT ABGERUFEN WERDEN
2025-03-22 23:31:05,AKTUELLE BESUCHERZAHL KONNTE NICHT ABGERUFEN WERDEN,AKTUELLE BESUCHERZAHL KONNTE NICHT ABGERUFEN WERDEN,AKTUELLE BESUCHERZAHL KONNTE NICHT ABGERUFEN WERDEN,AKTUELLE BESUCHERZAHL KONNTE NICHT ABGERUFEN WERDEN
2025-03-22 23:50:03,AKTUELLE BESUCHERZAHL KONNTE NICHT ABGERUFEN WERDEN,AKTUELLE BESUCHERZAHL KONNTE NICHT ABGERUFEN WERDEN,AKTUELLE BESUCHERZAHL KONNTE NICHT ABGERUFEN WERDEN,AKTUELLE BESUCHERZAHL KONNTE NICHT ABGERUFEN WERDEN
2025-03-23 00:14:54,AKTUELLE BESUCHERZAHL KONNTE NICHT ABGERUFEN WERDEN,AKTUELLE BESUCHERZAHL KONNTE NICHT ABGERUFEN WERDEN,AKTUELLE BESUCHERZAHL KONNTE NICHT ABGERUFEN WERDEN,AKTUELLE BESUCHERZAHL KONNTE NICHT ABGERUFEN WERDEN
2025-03-23 00:29:19,AKTUELLE BESUCHERZAHL KONNTE NICHT ABGERUFEN WERDEN,AKTUELLE BESUCHERZAHL KONNTE NICHT ABGERUFEN WERDEN,AKTUELLE BESUCHERZAHL KONNTE NICHT ABGERUFEN WERDEN,AKTUELLE BESUCHERZAHL KONNTE NICHT ABGERUFEN WERDEN
2025-03-23 00:39:37,AKTUELLE BESUCHERZAHL KONNTE NICHT ABGERUFEN WERDEN,AKTUELLE BESUCHERZAHL KONNTE NICHT ABGERUFEN WERDEN,AKTUELLE BESUCHERZAHL KONNTE NICHT ABGERUFEN WERDEN,AKTUELLE BESUCHERZAHL KONNTE NICHT ABGERUFEN WERDEN
2025-03-23 00:49:52,AKTUELLE BESUCHERZAHL KONNTE NICHT ABGERUFEN WERDEN,AKTUELLE BESUCHERZAHL KONNTE NICHT ABGERUFEN WERDEN,AKTUELLE BESUCHERZAHL KONNTE NICHT ABGERUFEN WERDEN,AKTUELLE BESUCHERZAHL KONNTE NICHT ABGERUFEN WERDEN
2025-03-23 02:19:04,AKTUELLE BESUCHERZAHL KONNTE NICHT ABGERUFEN WERDEN,AKTUELLE BESUCHERZAHL KONNTE NICHT ABGERUFEN WERDEN,AKTUELLE BESUCHERZAHL KONNTE NICHT ABGERUFEN WERDEN,AKTUELLE BESUCHERZAHL KONNTE NICHT ABGERUFEN WERDEN
2025-03-23 03:48:42,AKTUELLE BESUCHERZAHL KONNTE NICHT ABGERUFEN WERDEN,AKTUELLE BESUCHERZAHL KONNTE NICHT ABGERUFEN WERDEN,AKTUELLE BESUCHERZAHL KONNTE NICHT ABGERUFEN WERDEN,AKTUELLE BESUCHERZAHL KONNTE NICHT ABGERUFEN WERDEN
2025-03-23 04:31:01,AKTUELLE BESUCHERZAHL KONNTE NICHT ABGERUFEN WERDEN,AKTUELLE BESUCHERZAHL KONNTE NICHT ABGERUFEN WERDEN,AKTUELLE BESUCHERZAHL KONNTE NICHT ABGERUFEN WERDEN,AKTUELLE BESUCHERZAHL KONNTE NICHT ABGERUFEN WERDEN
2025-03-23 04:53:07,AKTUELLE BESUCHERZAHL KONNTE NICHT ABGERUFEN WERDEN,AKTUELLE BESUCHERZAHL KONNTE NICHT ABGERUFEN WERDEN,AKTUELLE BESUCHERZAHL KONNTE NICHT ABGERUFEN WERDEN,AKTUELLE BESUCHERZAHL KONNTE NICHT ABGERUFEN WERDEN
2025-03-23 05:18:20,AKTUELLE BESUCHERZAHL KONNTE NICHT ABGERUFEN WERDEN,AKTUELLE BESUCHERZAHL KONNTE NICHT ABGERUFEN WERDEN,AKTUELLE BESUCHERZAHL KONNTE NICHT ABGERUFEN WERDEN,AKTUELLE BESUCHERZAHL KONNTE NICHT ABGERUFEN WERDEN
2025-03-23 05:40:24,AKTUELLE BESUCHERZAHL KONNTE NICHT ABGERUFEN WERDEN,AKTUELLE BESUCHERZAHL KONNTE NICHT ABGERUFEN WERDEN,AKTUELLE BESUCHERZAHL KONNTE NICHT ABGERUFEN WERDEN,AKTUELLE BESUCHERZAHL KONNTE NICHT ABGERUFEN WERDEN
2025-03-23 05:49:46,AKTUELLE BESUCHERZAHL KONNTE NICHT ABGERUFEN WERDEN,LOADING...,AKTUELLE BESUCHERZAHL KONNTE NICHT ABGERUFEN WERDEN,AKTUELLE BESUCHERZAHL KONNTE NICHT ABGERUFEN WERDEN
2025-03-23 06:14:26,AKTUELLE BESUCHERZAHL KONNTE NICHT ABGERUFEN WERDEN,AKTUELLE BESUCHERZAHL KONNTE NICHT ABGERUFEN WERDEN,AKTUELLE BESUCHERZAHL KONNTE NICHT ABGERUFEN WERDEN,AKTUELLE BESUCHERZAHL KONNTE NICHT ABGERUFEN WERDEN
2025-03-23 06:31:46,AKTUELLE BESUCHERZAHL KONNTE NICHT ABGERUFEN WERDEN,AKTUELLE BESUCHERZAHL KONNTE NICHT ABGERUFEN WERDEN,AKTUELLE BESUCHERZAHL KONNTE NICHT ABGERUFEN WERDEN,AKTUELLE BESUCHERZAHL KONNTE NICHT ABGERUFEN WERDEN
2025-03-23 06:49:26,AKTUELLE BESUCHERZAHL KONNTE NICHT ABGERUFEN WERDEN,AKTUELLE BESUCHERZAHL KONNTE NICHT ABGERUFEN WERDEN,AKTUELLE BESUCHERZAHL KONNTE NICHT ABGERUFEN WERDEN,AKTUELLE BESUCHERZAHL KONNTE NICHT ABGERUFEN WERDEN
2025-03-23 07:20:44,AKTUELLE BESUCHERZAHL KONNTE NICHT ABGERUFEN WERDEN,AKTUELLE BESUCHERZAHL KONNTE NICHT ABGERUFEN WERDEN,AKTUELLE BESUCHERZAHL KONNTE NICHT ABGERUFEN WERDEN,AKTUELLE BESUCHERZAHL KONNTE NICHT ABGERUFEN WERDEN
2025-03-23 07:42:57,AKTUELLE BESUCHERZAHL KONNTE NICHT ABGERUFEN WERDEN,AKTUELLE BESUCHERZAHL KONNTE NICHT ABGERUFEN WERDEN,AKTUELLE BESUCHERZAHL KONNTE NICHT ABGERUFEN WERDEN,AKTUELLE BESUCHERZAHL KONNTE NICHT ABGERUFEN WERDEN
2025-03-23 07:52:30,AKTUELLE BESUCHERZAHL KONNTE NICHT ABGERUFEN WERDEN,1,AKTUELLE BESUCHERZAHL KONNTE NICHT ABGERUFEN WERDEN,AKTUELLE BESUCHERZAHL KONNTE NICHT ABGERUFEN WERDEN
2025-03-23 08:14:21,AKTUELLE BESUCHERZAHL KONNTE NICHT ABGERUFEN WERDEN,1,AKTUELLE BESUCHERZAHL KONNTE NICHT ABGERUFEN WERDEN,AKTUELLE BESUCHERZAHL KONNTE NICHT ABGERUFEN WERDEN
2025-03-23 08:28:51,AKTUELLE BESUCHERZAHL KONNTE NICHT ABGERUFEN WERDEN,39,1,AKTUELLE BESUCHERZAHL KONNTE NICHT ABGERUFEN WERDEN
2025-03-23 08:39:12,AKTUELLE BESUCHERZAHL KONNTE NICHT ABGERUFEN WERDEN,54,1,1
2025-03-23 08:49:39,2,64,1,1
2025-03-23 09:18:31,42,83,41,62
2025-03-23 09:40:57,62,108,70,90
2025-03-23 09:50:05,82,123,82,103
2025-03-23 10:14:46,106,122,85,104
2025-03-23 10:29:04,114,142,99,105
2025-03-23 10:39:21,119,154,103,112
2025-03-23 10:50:10,119,154,106,119
2025-03-23 11:14:55,131,156,110,141
2025-03-23 11:33:27,117,171,110,145
2025-03-23 12:01:17,,,,LOADING...
2025-03-23 12:29:04,126,178,99,137
2025-03-23 12:58:28,98,184,112,112
2025-03-23 13:24:49,95,183,109,110
2025-03-23 13:37:47,87,176,109,121
2025-03-23 13:49:41,79,176,107,121
2025-03-23 14:13:03,84,174,85,132
2025-03-23 14:29:51,89,178,82,124
2025-03-23 14:40:34,88,180,82,138
2025-03-23 14:49:45,88,180,92,138
2025-03-23 15:16:23,145,196,91,128
2025-03-23 15:36:37,141,190,91,119
2025-03-23 15:50:00,147,197,83,114
2025-03-23 16:17:42,157,215,93,127
2025-03-23 16:41:39,150,196,99,142
2025-03-23 16:50:40,150,196,108,142
2025-03-23 17:12:45,145,173,106,156
2025-03-23 17:29:16,145,168,106,157
2025-03-23 17:39:58,145,168,106,142
2025-03-23 17:50:01,132,160,105,142
2025-03-23 18:20:21,105,147,87,127
2025-03-23 18:42:50,94,111,62,89
2025-03-23 18:52:04,53,111,49,89
2025-03-23 19:13:07,12,80,36,6
2025-03-23 19:24:23,1,19,4,6
2025-03-23 19:36:29,1,4,2,1
2025-03-23 19:49:49,1,2,2,AKTUELLE BESUCHERZAHL KONNTE NICHT ABGERUFEN WERDEN
2025-03-23 20:15:48,1,2,2,AKTUELLE BESUCHERZAHL KONNTE NICHT ABGERUFEN WERDEN
2025-03-23 20:38:10,1,2,2,AKTUELLE BESUCHERZAHL KONNTE NICHT ABGERUFEN WERDEN
2025-03-23 20:49:47,1,2,2,AKTUELLE BESUCHERZAHL KONNTE NICHT ABGERUFEN WERDEN
2025-03-23 21:13:29,1,2,2,AKTUELLE BESUCHERZAHL KONNTE NICHT ABGERUFEN WERDEN
2025-03-23 21:27:23,1,2,2,AKTUELLE BESUCHERZAHL KONNTE NICHT ABGERUFEN WERDEN
2025-03-23 21:37:22,1,2,2,AKTUELLE BESUCHERZAHL KONNTE NICHT ABGERUFEN WERDEN
2025-03-23 21:50:10,1,2,2,AKTUELLE BESUCHERZAHL KONNTE NICHT ABGERUFEN WERDEN
2025-03-23 22:15:45,AKTUELLE BESUCHERZAHL KONNTE NICHT ABGERUFEN WERDEN,AKTUELLE BESUCHERZAHL KONNTE NICHT ABGERUFEN WERDEN,AKTUELLE BESUCHERZAHL KONNTE NICHT ABGERUFEN WERDEN,AKTUELLE BESUCHERZAHL KONNTE NICHT ABGERUFEN WERDEN
2025-03-23 22:39:56,AKTUELLE BESUCHERZAHL KONNTE NICHT ABGERUFEN WERDEN,AKTUELLE BESUCHERZAHL KONNTE NICHT ABGERUFEN WERDEN,AKTUELLE BESUCHERZAHL KONNTE NICHT ABGERUFEN WERDEN,AKTUELLE BESUCHERZAHL KONNTE NICHT ABGERUFEN WERDEN
2025-03-23 22:49:48,AKTUELLE BESUCHERZAHL KONNTE NICHT ABGERUFEN WERDEN,AKTUELLE BESUCHERZAHL KONNTE NICHT ABGERUFEN WERDEN,AKTUELLE BESUCHERZAHL KONNTE NICHT ABGERUFEN WERDEN,AKTUELLE BESUCHERZAHL KONNTE NICHT ABGERUFEN WERDEN
2025-03-23 23:14:16,AKTUELLE BESUCHERZAHL KONNTE NICHT ABGERUFEN WERDEN,AKTUELLE BESUCHERZAHL KONNTE NICHT ABGERUFEN WERDEN,AKTUELLE BESUCHERZAHL KONNTE NICHT ABGERUFEN WERDEN,AKTUELLE BESUCHERZAHL KONNTE NICHT ABGERUFEN WERDEN
2025-03-23 23:28:24,AKTUELLE BESUCHERZAHL KONNTE NICHT ABGERUFEN WERDEN,AKTUELLE BESUCHERZAHL KONNTE NICHT ABGERUFEN WERDEN,AKTUELLE BESUCHERZAHL KONNTE NICHT ABGERUFEN WERDEN,AKTUELLE BESUCHERZAHL KONNTE NICHT ABGERUFEN WERDEN
2025-03-23 23:39:18,AKTUELLE BESUCHERZAHL KONNTE NICHT ABGERUFEN WERDEN,AKTUELLE BESUCHERZAHL KONNTE NICHT ABGERUFEN WERDEN,AKTUELLE BESUCHERZAHL KONNTE NICHT ABGERUFEN WERDEN,AKTUELLE BESUCHERZAHL KONNTE NICHT ABGERUFEN WERDEN
2025-03-23 23:49:54,AKTUELLE BESUCHERZAHL KONNTE NICHT ABGERUFEN WERDEN,AKTUELLE BESUCHERZAHL KONNTE NICHT ABGERUFEN WERDEN,AKTUELLE BESUCHERZAHL KONNTE NICHT ABGERUFEN WERDEN,AKTUELLE BESUCHERZAHL KONNTE NICHT ABGERUFEN WERDEN
2025-03-24 01:16:28,AKTUELLE BESUCHERZAHL KONNTE NICHT ABGERUFEN WERDEN,AKTUELLE BESUCHERZAHL KONNTE NICHT ABGERUFEN WERDEN,AKTUELLE BESUCHERZAHL KONNTE NICHT ABGERUFEN WERDEN,AKTUELLE BESUCHERZAHL KONNTE NICHT ABGERUFEN WERDEN
2025-03-24 02:48:33,AKTUELLE BESUCHERZAHL KONNTE NICHT ABGERUFEN WERDEN,AKTUELLE BESUCHERZAHL KONNTE NICHT ABGERUFEN WERDEN,AKTUELLE BESUCHERZAHL KONNTE NICHT ABGERUFEN WERDEN,AKTUELLE BESUCHERZAHL KONNTE NICHT ABGERUFEN WERDEN
2025-03-24 03:33:13,AKTUELLE BESUCHERZAHL KONNTE NICHT ABGERUFEN WERDEN,AKTUELLE BESUCHERZAHL KONNTE NICHT ABGERUFEN WERDEN,AKTUELLE BESUCHERZAHL KONNTE NICHT ABGERUFEN WERDEN,AKTUELLE BESUCHERZAHL KONNTE NICHT ABGERUFEN WERDEN
2025-03-24 03:54:03,AKTUELLE BESUCHERZAHL KONNTE NICHT ABGERUFEN WERDEN,AKTUELLE BESUCHERZAHL KONNTE NICHT ABGERUFEN WERDEN,AKTUELLE BESUCHERZAHL KONNTE NICHT ABGERUFEN WERDEN,AKTUELLE BESUCHERZAHL KONNTE NICHT ABGERUFEN WERDEN
2025-03-24 04:19:53,AKTUELLE BESUCHERZAHL KONNTE NICHT ABGERUFEN WERDEN,AKTUELLE BESUCHERZAHL KONNTE NICHT ABGERUFEN WERDEN,AKTUELLE BESUCHERZAHL KONNTE NICHT ABGERUFEN WERDEN,AKTUELLE BESUCHERZAHL KONNTE NICHT ABGERUFEN WERDEN
2025-03-24 04:43:06,AKTUELLE BESUCHERZAHL KONNTE NICHT ABGERUFEN WERDEN,AKTUELLE BESUCHERZAHL KONNTE NICHT ABGERUFEN WERDEN,AKTUELLE BESUCHERZAHL KONNTE NICHT ABGERUFEN WERDEN,AKTUELLE BESUCHERZAHL KONNTE NICHT ABGERUFEN WERDEN
2025-03-24 04:52:11,1,AKTUELLE BESUCHERZAHL KONNTE NICHT ABGERUFEN WERDEN,1,AKTUELLE BESUCHERZAHL KONNTE NICHT ABGERUFEN WERDEN
2025-03-24 05:16:22,1,29,1,18
2025-03-24 05:39:56,43,42,1,26
2025-03-24 05:50:09,48,57,24,36
2025-03-24 06:23:34,61,62,31,44
2025-03-24 06:47:26,58,70,32,48
2025-03-24 07:16:55,59,79,25,54
2025-03-24 07:37:43,59,85,32,66
2025-03-24 07:49:52,62,77,32,61
2025-03-24 08:21:52,62,99,61,64
2025-03-24 08:45:34,96,127,64,71
2025-03-24 08:55:08,92,129,64,79
2025-03-24 09:18:34,85,126,55,89
2025-03-24 09:39:46,85,129,45,91
2025-03-24 09:49:55,91,129,45,91
2025-03-24 10:18:00,78,102,39,103
2025-03-24 10:43:29,74,154,49,102
2025-03-24 10:52:26,80,191,49,105
2025-03-24 11:13:37,98,214,74,130
